/*
Navicat MySQL Data Transfer

Source Server         : test
Source Server Version : 50715
Source Host           : localhost:3306
Source Database       : demo

Target Server Type    : MYSQL
Target Server Version : 50715
File Encoding         : 65001

Date: 2017-01-05 11:38:35
*/

SET FOREIGN_KEY_CHECKS=0;

-- ----------------------------
-- Table structure for grade
-- ----------------------------
DROP TABLE IF EXISTS `grade`;
CREATE TABLE `grade` (
  `id` varchar(20) NOT NULL,
  `studentid` varchar(20) NOT NULL,
  `studyyear` date DEFAULT NULL,
  `studyseason` varchar(10) DEFAULT NULL,
  `math` double DEFAULT NULL,
  `english` double DEFAULT NULL,
  `javatest` double DEFAULT NULL,
  `totalgrade` double DEFAULT NULL,
  PRIMARY KEY (`id`),
  KEY `studentid` (`studentid`),
  CONSTRAINT `grade_ibfk_1` FOREIGN KEY (`studentid`) REFERENCES `student` (`id`) ON DELETE CASCADE ON UPDATE CASCADE
) ENGINE=InnoDB DEFAULT CHARSET=utf8;

-- ----------------------------
-- Records of grade
-- ----------------------------
INSERT INTO `grade` VALUES ('201508', '201521108', '1970-01-01', '上', '33.28825786168175', '0.2653377041919591', '10.474710403232201', '44.02830596910591');
INSERT INTO `grade` VALUES ('201510', '201521110', '1970-01-01', '上', '81.82398958763467', '9.611772496063553', '39.20937176581412', '130.64513384951235');
INSERT INTO `grade` VALUES ('201512', '201521112', '1970-01-01', '上', '98.22052569679201', '35.910975736287135', '8.803366426641212', '142.93486785972036');
INSERT INTO `grade` VALUES ('201513', '201521113', '1970-01-01', '上', '25.15541290861406', '90.57671600609201', '87.65423778128108', '203.38636669598714');
INSERT INTO `grade` VALUES ('201514', '201521114', '1970-01-01', '上', '14.180379527444364', '54.40943606775291', '29.014018637585103', '97.60383423278236');
INSERT INTO `grade` VALUES ('201515', '201521115', '1970-01-01', '上', '61.68649430176739', '5.842251148803634', '35.58695577377606', '103.11570122434708');
INSERT INTO `grade` VALUES ('201516', '201521116', '1970-01-01', '上', '31.831014129731717', '27.827837350290196', '68.73671074075402', '128.39556222077593');
INSERT INTO `grade` VALUES ('201519', '201521119', '1970-01-01', '上', '2.6020116819276407', '61.255255779286855', '62.811818805211715', '126.6690862664262');
INSERT INTO `grade` VALUES ('201520', '201521120', '1970-01-01', '上', '0.3150317050644058', '28.35109701044113', '33.51729410588518', '62.183422821390714');
INSERT INTO `grade` VALUES ('201521', '201521121', '1970-01-01', '上', '80.04882525149665', '78.57775811372882', '37.814427142156205', '196.4410105073817');
INSERT INTO `grade` VALUES ('201523', '201521123', '1970-01-01', '上', '76.26669975646206', '37.3785381756745', '2.578850085555695', '116.22408801769225');
INSERT INTO `grade` VALUES ('201524', '201521124', '1970-01-01', '上', '69.2612116528391', '8.747455386394055', '51.82730375844456', '129.8359707976777');
INSERT INTO `grade` VALUES ('201525', '201521125', '1970-01-01', '上', '37.48606826215234', '3.416707942349939', '0.5862301368336542', '41.48900634133593');
INSERT INTO `grade` VALUES ('201526', '201521126', '1970-01-01', '上', '1.2318508495863911', '77.58947171646682', '1.35777005402693', '80.17909262008014');
INSERT INTO `grade` VALUES ('201528', '201521128', '1970-01-01', '上', '0.8169846758018795', '86.48589877832512', '85.6328549480488', '172.9357384021758');
INSERT INTO `grade` VALUES ('201529', '201521129', '1970-01-01', '上', '87.32428029890889', '87.95639593078423', '81.4013142066452', '256.6819904363383');
INSERT INTO `grade` VALUES ('201530', '201521130', '1970-01-01', '上', '41.767058709699775', '10.522396706438574', '55.22990191722397', '107.51935733336232');
INSERT INTO `grade` VALUES ('201531', '201521131', '1970-01-01', '上', '76.68755598011673', '7.15752352912774', '80.13661922184659', '163.98169873109106');
INSERT INTO `grade` VALUES ('201532', '201521132', '1970-01-01', '上', '71.53173493502311', '58.477429757528164', '25.285863098034124', '155.2950277905854');
INSERT INTO `grade` VALUES ('201533', '201521133', '1970-01-01', '上', '87.26027885452692', '57.07793599095717', '43.14115010304015', '187.47936494852422');
INSERT INTO `grade` VALUES ('201534', '201521134', '1970-01-01', '上', '72.13983674699456', '81.35203600349922', '72.36225188712176', '225.85412463761554');
INSERT INTO `grade` VALUES ('201535', '201521135', '1970-01-01', '上', '38.49415852830671', '18.777112141263597', '96.42767480341752', '153.69894547298782');
INSERT INTO `grade` VALUES ('201536', '201521136', '1970-01-01', '上', '63.04740542638686', '72.80020253877343', '68.30129010704613', '204.14889807220644');
INSERT INTO `grade` VALUES ('201537', '201521137', '1970-01-01', '上', '85.89953588387976', '50.79725475784289', '56.20897887097578', '192.90576951269844');
INSERT INTO `grade` VALUES ('201538', '201521138', '1970-01-01', '上', '30.937303626596147', '92.27512485842325', '23.82484146460332', '147.03726994962273');
INSERT INTO `grade` VALUES ('201539', '201521139', '1970-01-01', '上', '85.06841406682906', '59.97537437375337', '31.53973736965574', '176.58352581023817');
INSERT INTO `grade` VALUES ('201540', '201521140', '1970-01-01', '上', '60.325904499591445', '85.9773841859151', '96.05970182013289', '242.36299050563943');
INSERT INTO `grade` VALUES ('201541', '201521141', '1970-01-01', '上', '16.286195527242175', '12.986934158496965', '23.495552052373526', '52.76868173811266');
INSERT INTO `grade` VALUES ('201542', '201521142', '1970-01-01', '上', '57.6301417993784', '76.5180979039539', '93.40137466211543', '227.54961436544772');
INSERT INTO `grade` VALUES ('201543', '201521143', '1970-01-01', '上', '63.102694163422846', '71.28210826746492', '62.5412654354217', '196.92606786630947');
INSERT INTO `grade` VALUES ('201544', '201521144', '1970-01-01', '上', '21.497164543476764', '89.30071913661375', '57.39199755608744', '168.18988123617794');
INSERT INTO `grade` VALUES ('201545', '201521145', '1970-01-01', '上', '30.471303700454', '46.973235693316504', '27.677335236285362', '105.12187463005586');
INSERT INTO `grade` VALUES ('201546', '201521146', '1970-01-01', '上', '73.562454573247', '17.623557583211724', '7.262245649458565', '98.44825780591728');
INSERT INTO `grade` VALUES ('201547', '201521147', '1970-01-01', '上', '9.301146167266406', '71.27384072535438', '12.414953916432736', '92.98994080905352');
INSERT INTO `grade` VALUES ('201548', '201521148', '1970-01-01', '上', '59.68123754602921', '45.99367059228625', '39.58527315456606', '145.26018129288153');
INSERT INTO `grade` VALUES ('201549', '201521149', '1970-01-01', '上', '11.395518502409596', '14.201517849040545', '55.824625667064524', '81.42166201851467');
INSERT INTO `grade` VALUES ('201558', '201521108', '1970-01-01', '下', '32.626349330170754', '15.432089478708999', '63.51395368669811', '111.57239249557787');
INSERT INTO `grade` VALUES ('201560', '201521110', '1970-01-01', '下', '24.15587191593691', '39.25961733078858', '87.43080093884271', '150.8462901855682');
INSERT INTO `grade` VALUES ('201562', '201521112', '1970-01-01', '下', '5.647948979229023', '23.414166443689965', '65.77020555746834', '94.83232098038732');
INSERT INTO `grade` VALUES ('201563', '201521113', '1970-01-01', '下', '48.87683483174803', '23.611054543428878', '24.098645362800774', '96.58653473797767');
INSERT INTO `grade` VALUES ('201564', '201521114', '1970-01-01', '下', '54.41011866152826', '35.32505215742745', '45.43341775634268', '135.16858857529837');
INSERT INTO `grade` VALUES ('201565', '201521115', '1970-01-01', '下', '11.637949247993207', '70.99297176085565', '59.780958177827806', '142.41187918667666');
INSERT INTO `grade` VALUES ('201566', '201521116', '1970-01-01', '下', '1.6128304042467456', '71.1422275123337', '59.89680573863433', '132.65186365521478');
INSERT INTO `grade` VALUES ('201569', '201521119', '1970-01-01', '下', '18.949053612674348', '16.2798124368993', '16.362428301026444', '51.591294350600094');
INSERT INTO `grade` VALUES ('201570', '201521120', '1970-01-01', '下', '33.99683621175863', '32.21258485199887', '58.572005099619574', '124.78142616337708');
INSERT INTO `grade` VALUES ('201571', '201521121', '1970-01-01', '下', '15.344713384495867', '0.953770130589171', '11.506998614107388', '27.805482129192427');
INSERT INTO `grade` VALUES ('201573', '201521123', '1970-01-01', '下', '44.72165163682962', '17.94002654562493', '60.293203765682904', '122.95488194813746');
INSERT INTO `grade` VALUES ('201574', '201521124', '1970-01-01', '下', '58.408429806333984', '65.02961037487013', '31.49143580069984', '154.92947598190395');
INSERT INTO `grade` VALUES ('201575', '201521125', '1970-01-01', '下', '70.50481186790533', '98.13861106761442', '62.879045269418185', '231.52246820493795');
INSERT INTO `grade` VALUES ('201576', '201521126', '1970-01-01', '下', '41.54433780205304', '7.691683522380766', '89.91411864043094', '139.15013996486476');
INSERT INTO `grade` VALUES ('201578', '201521128', '1970-01-01', '下', '64.14567429904106', '93.39475247201166', '6.380896994679508', '163.92132376573224');
INSERT INTO `grade` VALUES ('201579', '201521129', '1970-01-01', '下', '88.43948587811686', '67.54239742238686', '77.77277797108462', '233.75466127158833');
INSERT INTO `grade` VALUES ('201580', '201521130', '1970-01-01', '下', '11.5472990988032', '69.7798418900541', '19.24837822548734', '100.57551921434464');
INSERT INTO `grade` VALUES ('201581', '201521131', '1970-01-01', '下', '19.120655494216898', '54.45589622905634', '7.582486780785702', '81.15903850405894');
INSERT INTO `grade` VALUES ('201582', '201521132', '1970-01-01', '下', '60.77016223535778', '7.284196998198911', '72.67535837308154', '140.72971760663825');
INSERT INTO `grade` VALUES ('201583', '201521133', '1970-01-01', '下', '72.15407072400619', '72.5619783411018', '0.9194345646923008', '145.6354836298003');
INSERT INTO `grade` VALUES ('201584', '201521134', '1970-01-01', '下', '73.4457236706441', '3.111035175933752', '32.96754507007034', '109.5243039166482');
INSERT INTO `grade` VALUES ('201585', '201521135', '1970-01-01', '下', '1.1618615627439155', '5.9367871229543905', '71.74422428655944', '78.84287297225775');
INSERT INTO `grade` VALUES ('201586', '201521136', '1970-01-01', '下', '63.6743435198008', '81.02886013023593', '62.4948591460718', '207.19806279610853');
INSERT INTO `grade` VALUES ('201587', '201521137', '1970-01-01', '下', '97.36652572729284', '39.91829100419807', '74.59892874618174', '211.88374547767265');
INSERT INTO `grade` VALUES ('201588', '201521138', '1970-01-01', '下', '85.01618059641063', '26.228123690842587', '43.3837288375644', '154.62803312481762');
INSERT INTO `grade` VALUES ('201589', '201521139', '1970-01-01', '下', '49.24954154073183', '22.604849132970894', '83.63474108585888', '155.4891317595616');
INSERT INTO `grade` VALUES ('201590', '201521140', '1970-01-01', '下', '1.0757281054490586', '94.09880625791753', '72.31761598909272', '167.4921503524593');
INSERT INTO `grade` VALUES ('201591', '201521141', '1970-01-01', '下', '52.58003667418348', '84.39871610107662', '58.284309479537654', '195.26306225479775');
INSERT INTO `grade` VALUES ('201592', '201521142', '1970-01-01', '下', '36.06745373417869', '15.504086710993125', '39.25745254961473', '90.82899299478655');
INSERT INTO `grade` VALUES ('201593', '201521143', '1970-01-01', '下', '63.82589468657355', '43.65232672922619', '19.715662761050503', '127.19388417685025');
INSERT INTO `grade` VALUES ('201594', '201521144', '1970-01-01', '下', '80.20344177999192', '99.55732338469103', '24.395122679628255', '204.1558878443112');
INSERT INTO `grade` VALUES ('201595', '201521145', '1970-01-01', '下', '91.56684161955218', '9.481872678984239', '74.97510646493348', '176.0238207634699');
INSERT INTO `grade` VALUES ('201596', '201521146', '1970-01-01', '下', '58.025246826160924', '29.644181280563032', '15.291226452174545', '102.9606545588985');
INSERT INTO `grade` VALUES ('201597', '201521147', '1970-01-01', '下', '75.84104912302155', '99.20189518689445', '53.04155924239484', '228.08450355231082');
INSERT INTO `grade` VALUES ('201598', '201521148', '1970-01-01', '下', '62.649712885690555', '16.988323388185698', '49.47356351312534', '129.11159978700158');
INSERT INTO `grade` VALUES ('201599', '201521149', '1970-01-01', '下', '67.20551597569322', '14.969736635063802', '32.01921082853276', '114.19446343928978');

-- ----------------------------
-- Table structure for graduate
-- ----------------------------
DROP TABLE IF EXISTS `graduate`;
CREATE TABLE `graduate` (
  `id` varchar(20) NOT NULL,
  `name` varchar(255) DEFAULT NULL,
  `sex` varchar(255) DEFAULT NULL,
  `location` varchar(255) DEFAULT NULL,
  `indate` datetime DEFAULT NULL ON UPDATE CURRENT_TIMESTAMP,
  `outdate` datetime DEFAULT NULL ON UPDATE CURRENT_TIMESTAMP,
  `major` varchar(255) DEFAULT NULL,
  `result` varchar(255) DEFAULT NULL,
  PRIMARY KEY (`id`)
) ENGINE=InnoDB DEFAULT CHARSET=utf8;

-- ----------------------------
-- Records of graduate
-- ----------------------------
INSERT INTO `graduate` VALUES ('201521109', '张三9', '男', '南昌9', '1970-01-01 00:00:00', '2017-01-05 00:00:00', '软件工程', '优秀');
INSERT INTO `graduate` VALUES ('201521111', '张三11', '男', '南昌11', '1970-01-01 00:00:00', '2017-01-05 00:00:00', '软件工程', '合格');
INSERT INTO `graduate` VALUES ('201521117', '张三17', '男', '南昌17', '1970-01-01 00:00:00', '2017-01-05 00:00:00', '交通工程', '试读');
INSERT INTO `graduate` VALUES ('201521118', '张三18', '男', '南昌18', '1970-01-01 00:00:00', '2017-01-05 00:00:00', '桥梁工程', '试读');
INSERT INTO `graduate` VALUES ('201521122', '张三22', '男', '南昌22', '1970-01-01 00:00:00', '2017-01-05 00:00:00', '交通工程', '试读');
INSERT INTO `graduate` VALUES ('201521127', '张三27', '男', '南昌27', '1970-01-01 00:00:00', '2017-01-05 00:00:00', '英语专业', '试读');

-- ----------------------------
-- Table structure for login
-- ----------------------------
DROP TABLE IF EXISTS `login`;
CREATE TABLE `login` (
  `username` varchar(255) NOT NULL,
  `password` varchar(255) NOT NULL,
  `role` varchar(255) DEFAULT NULL
) ENGINE=InnoDB DEFAULT CHARSET=utf8;

-- ----------------------------
-- Records of login
-- ----------------------------
INSERT INTO `login` VALUES ('admin', 'admin', 'admin');
INSERT INTO `login` VALUES ('user', 'user', 'user');

-- ----------------------------
-- Table structure for student
-- ----------------------------
DROP TABLE IF EXISTS `student`;
CREATE TABLE `student` (
  `id` varchar(255) NOT NULL,
  `name` varchar(255) DEFAULT NULL,
  `sex` varchar(255) DEFAULT NULL,
  `location` varchar(255) DEFAULT NULL,
  `indate` datetime DEFAULT NULL ON UPDATE CURRENT_TIMESTAMP,
  `major` varchar(255) DEFAULT NULL,
  `classname` varchar(255) DEFAULT NULL,
  PRIMARY KEY (`id`)
) ENGINE=InnoDB DEFAULT CHARSET=utf8;

-- ----------------------------
-- Records of student
-- ----------------------------
INSERT INTO `student` VALUES ('201521108', '张三8', '男', '南昌8', '1970-01-01 00:00:00', '桥梁工程', '1班');
INSERT INTO `student` VALUES ('201521110', '张三10', '男', '南昌10', '1970-01-01 00:00:00', '软件工程', '1班');
INSERT INTO `student` VALUES ('201521112', '张三12', '男', '南昌12', '1970-01-01 00:00:00', '软件工程', '6班');
INSERT INTO `student` VALUES ('201521113', '张三13', '男', '南昌13', '1970-01-01 00:00:00', '英语专业', '10班');
INSERT INTO `student` VALUES ('201521114', '张三14', '男', '南昌14', '1970-01-01 00:00:00', '英语专业', '5班');
INSERT INTO `student` VALUES ('201521115', '张三15', '男', '南昌15', '1970-01-01 00:00:00', '软件工程', '9班');
INSERT INTO `student` VALUES ('201521116', '张三16', '男', '南昌16', '1970-01-01 00:00:00', '交通工程', '8班');
INSERT INTO `student` VALUES ('201521119', '张三19', '男', '南昌19', '1970-01-01 00:00:00', '英语专业', '8班');
INSERT INTO `student` VALUES ('201521120', '张三20', '男', '南昌20', '1970-01-01 00:00:00', '交通工程', '5班');
INSERT INTO `student` VALUES ('201521121', '张三21', '男', '南昌21', '1970-01-01 00:00:00', '交通工程', '7班');
INSERT INTO `student` VALUES ('201521123', '张三23', '男', '南昌23', '1970-01-01 00:00:00', '英语专业', '6班');
INSERT INTO `student` VALUES ('201521124', '张三24', '男', '南昌24', '1970-01-01 00:00:00', '软件工程', '9班');
INSERT INTO `student` VALUES ('201521125', '张三25', '男', '南昌25', '1970-01-01 00:00:00', '英语专业', '7班');
INSERT INTO `student` VALUES ('201521126', '张三26', '男', '南昌26', '1970-01-01 00:00:00', '桥梁工程', '7班');
INSERT INTO `student` VALUES ('201521128', '张三28', '男', '南昌28', '1970-01-01 00:00:00', '桥梁工程', '1班');
INSERT INTO `student` VALUES ('201521129', '张三29', '男', '南昌29', '1970-01-01 00:00:00', '桥梁工程', '4班');
INSERT INTO `student` VALUES ('201521130', '张三30', '男', '南昌30', '1970-01-01 00:00:00', '桥梁工程', '5班');
INSERT INTO `student` VALUES ('201521131', '张三31', '男', '南昌31', '1970-01-01 00:00:00', '交通工程', '8班');
INSERT INTO `student` VALUES ('201521132', '张三32', '男', '南昌32', '1970-01-01 00:00:00', '英语专业', '11班');
INSERT INTO `student` VALUES ('201521133', '张三33', '男', '南昌33', '1970-01-01 00:00:00', '交通工程', '6班');
INSERT INTO `student` VALUES ('201521134', '张三34', '男', '南昌34', '1970-01-01 00:00:00', '交通工程', '7班');
INSERT INTO `student` VALUES ('201521135', '张三35', '男', '南昌35', '1970-01-01 00:00:00', '英语专业', '5班');
INSERT INTO `student` VALUES ('201521136', '张三36', '男', '南昌36', '1970-01-01 00:00:00', '桥梁工程', '8班');
INSERT INTO `student` VALUES ('201521137', '张三37', '男', '南昌37', '1970-01-01 00:00:00', '交通工程', '3班');
INSERT INTO `student` VALUES ('201521138', '张三38', '男', '南昌38', '1970-01-01 00:00:00', '软件工程', '9班');
INSERT INTO `student` VALUES ('201521139', '张三39', '男', '南昌39', '1970-01-01 00:00:00', '软件工程', '4班');
INSERT INTO `student` VALUES ('201521140', '张三40', '男', '南昌40', '1970-01-01 00:00:00', '交通工程', '9班');
INSERT INTO `student` VALUES ('201521141', '张三41', '男', '南昌41', '1970-01-01 00:00:00', '英语专业', '7班');
INSERT INTO `student` VALUES ('201521142', '张三42', '男', '南昌42', '1970-01-01 00:00:00', '英语专业', '8班');
INSERT INTO `student` VALUES ('201521143', '张三43', '男', '南昌43', '1970-01-01 00:00:00', '交通工程', '6班');
INSERT INTO `student` VALUES ('201521144', '张三44', '男', '南昌44', '1970-01-01 00:00:00', '软件工程', '1班');
INSERT INTO `student` VALUES ('201521145', '张三45', '男', '南昌45', '1970-01-01 00:00:00', '软件工程', '9班');
INSERT INTO `student` VALUES ('201521146', '张三46', '男', '南昌46', '1970-01-01 00:00:00', '桥梁工程', '1班');
INSERT INTO `student` VALUES ('201521147', '张三47', '男', '南昌47', '1970-01-01 00:00:00', '英语专业', '8班');
INSERT INTO `student` VALUES ('201521148', '张三48', '男', '南昌48', '1970-01-01 00:00:00', '英语专业', '2班');
INSERT INTO `student` VALUES ('201521149', '张三49', '男', '南昌49', '1970-01-01 00:00:00', '桥梁工程', '5班');

-- ----------------------------
-- Table structure for xueji
-- ----------------------------
DROP TABLE IF EXISTS `xueji`;
CREATE TABLE `xueji` (
  `studentid` varchar(20) NOT NULL,
  `name` varchar(255) DEFAULT NULL,
  `total` double DEFAULT NULL,
  `result` varchar(255) DEFAULT NULL,
  PRIMARY KEY (`studentid`),
  CONSTRAINT `xueji_ibfk_1` FOREIGN KEY (`studentid`) REFERENCES `grade` (`studentid`) ON DELETE CASCADE ON UPDATE CASCADE,
  CONSTRAINT `xueji_ibfk_2` FOREIGN KEY (`studentid`) REFERENCES `grade` (`studentid`) ON DELETE CASCADE ON UPDATE CASCADE
) ENGINE=InnoDB DEFAULT CHARSET=utf8;

-- ----------------------------
-- Records of xueji
-- ----------------------------
INSERT INTO `xueji` VALUES ('201521108', '张三8', '155.60069846468377', '退学');
INSERT INTO `xueji` VALUES ('201521110', '张三10', '281.4914240350805', '退学');
INSERT INTO `xueji` VALUES ('201521112', '张三12', '237.76718884010768', '退学');
INSERT INTO `xueji` VALUES ('201521113', '张三13', '299.9729014339648', '退学');
INSERT INTO `xueji` VALUES ('201521114', '张三14', '232.77242280808073', '退学');
INSERT INTO `xueji` VALUES ('201521115', '张三15', '245.52758041102373', '退学');
INSERT INTO `xueji` VALUES ('201521116', '张三16', '261.0474258759907', '退学');
INSERT INTO `xueji` VALUES ('201521119', '张三19', '178.2603806170263', '退学');
INSERT INTO `xueji` VALUES ('201521120', '张三20', '186.9648489847678', '退学');
INSERT INTO `xueji` VALUES ('201521121', '张三21', '224.24649263657412', '退学');
INSERT INTO `xueji` VALUES ('201521123', '张三23', '239.1789699658297', '退学');
INSERT INTO `xueji` VALUES ('201521124', '张三24', '284.7654467795817', '退学');
INSERT INTO `xueji` VALUES ('201521125', '张三25', '273.01147454627386', '退学');
INSERT INTO `xueji` VALUES ('201521126', '张三26', '219.32923258494492', '退学');
INSERT INTO `xueji` VALUES ('201521128', '张三28', '336.857062167908', '试读');
INSERT INTO `xueji` VALUES ('201521129', '张三29', '490.43665170792667', '优秀');
INSERT INTO `xueji` VALUES ('201521130', '张三30', '208.09487654770697', '退学');
INSERT INTO `xueji` VALUES ('201521131', '张三31', '245.14073723515', '退学');
INSERT INTO `xueji` VALUES ('201521132', '张三32', '296.0247453972237', '退学');
INSERT INTO `xueji` VALUES ('201521133', '张三33', '333.11484857832454', '试读');
INSERT INTO `xueji` VALUES ('201521134', '张三34', '335.37842855426373', '试读');
INSERT INTO `xueji` VALUES ('201521135', '张三35', '232.54181844524555', '退学');
INSERT INTO `xueji` VALUES ('201521136', '张三36', '411.34696086831497', '合格');
INSERT INTO `xueji` VALUES ('201521137', '张三37', '404.7895149903711', '合格');
INSERT INTO `xueji` VALUES ('201521138', '张三38', '301.6653030744403', '试读');
INSERT INTO `xueji` VALUES ('201521139', '张三39', '332.07265756979973', '试读');
INSERT INTO `xueji` VALUES ('201521140', '张三40', '409.8551408580987', '合格');
INSERT INTO `xueji` VALUES ('201521141', '张三41', '248.0317439929104', '退学');
INSERT INTO `xueji` VALUES ('201521142', '张三42', '318.37860736023424', '试读');
INSERT INTO `xueji` VALUES ('201521143', '张三43', '324.11995204315974', '试读');
INSERT INTO `xueji` VALUES ('201521144', '张三44', '372.34576908048916', '合格');
INSERT INTO `xueji` VALUES ('201521145', '张三45', '281.1456953935258', '退学');
INSERT INTO `xueji` VALUES ('201521146', '张三46', '201.40891236481576', '退学');
INSERT INTO `xueji` VALUES ('201521147', '张三47', '321.0744443613643', '试读');
INSERT INTO `xueji` VALUES ('201521148', '张三48', '274.37178107988314', '退学');
INSERT INTO `xueji` VALUES ('201521149', '张三49', '195.61612545780446', '退学');
